<?xml version="1.0" encoding="utf-8"?>
<odoo>
    <record id="ir_cron_tap_refund" model="ir.cron">
        <field name="name">Tap Payment: Refund the iniated refunds </field>
        <field name="model_id" ref="model_payment_transaction"/>
        <field name="state">code</field>
        <field name="code">model.cron_tap_refund()</field>
        <field name="user_id" ref="base.user_root" />
        <field name="interval_number">1</field>
        <field name="interval_type">days</field>
        <field name="numbercall">-1</field>
    </record>
</odoo>
