id,name,model_id:id,group_id:id,perm_read,perm_write,perm_create,perm_unlink
access_account_financial_report_accountant,access.account.financial.report.manager,model_account_financial_report,account.group_account_user,1,1,1,1
access_account_report_general_ledger,access.account.report.general.ledger,model_account_report_general_ledger,account.group_account_user,1,1,1,1
access_account_balance_report,access.account.balance.report,model_account_balance_report,account.group_account_user,1,1,1,1
access_account_report_partner_ledger,access.account.report.partner.ledger,model_account_report_partner_ledger,account.group_account_user,1,1,1,1
access_accounting_report,access.accounting.report,model_accounting_report,account.group_account_user,1,1,1,1
access_account_aged_trial_balance,access.account.aged.trial.balance,model_account_aged_trial_balance,account.group_account_user,1,1,1,1
access_account_tax_report,access.account.tax.report.wizard,model_account_tax_report_wizard,account.group_account_user,1,1,1,1

access_account_financial_report_accountant_bm,access.account.financial.report.bmanager,model_account_financial_report,account.group_account_manager,1,1,1,1
access_account_report_general_ledger_bm,access.account.report.general.ledger.bmanager,model_account_report_general_ledger,account.group_account_manager,1,1,1,1
access_account_balance_report_bm,access.account.balance.report.bmanager,model_account_balance_report,account.group_account_manager,1,1,1,1
access_account_report_partner_ledger_bm,access.account.report.partner.ledger.bmanager,model_account_report_partner_ledger,account.group_account_manager,1,1,1,1
access_accounting_report_bm,access.accounting.report.bmanager,model_accounting_report,account.group_account_manager,1,1,1,1
access_account_aged_trial_balance_bm,access.account.aged.trial.balance.bmanager,model_account_aged_trial_balance,account.group_account_manager,1,1,1,1
access_account_tax_report_bm,access.account.tax.report.wizard.bmanager,model_account_tax_report_wizard,account.group_account_manager,1,1,1,1
access_account_print_journal_bm,access.account.account.print.journal.bmanager,model_account_print_journal,account.group_account_manager,1,1,1,1

access_account_common_account_report,access_account_common_account_report,model_account_common_account_report,base.group_user,1,0,0,0
access_account_common_partner_report,access_account_common_partner_report,model_account_common_partner_report,base.group_user,1,0,0,0