<?xml version="1.0" encoding="utf-8"?>
<odoo>
    <data noupdate="1">

        <record id="account.group_account_user" model="res.groups">
            <field name="name">Accountant</field>
            <field name="implied_ids" eval="[(4, ref('account.group_account_invoice'))]"/>
            <field name="category_id" ref="base.module_category_accounting_accounting"/>
            <field name="users" eval="[(4, ref('base.user_root')), (4, ref('base.user_admin'))]"/>
        </record>

    </data>
</odoo>