<odoo>
	<data>

		<record id="journal_credit_debit_card" model="account.journal">
			<field name="name">Credit/Debit Cards</field>
			<field name="type">cash</field>
			<field name="code">CDC</field>
		</record>

		<record id="journal_credit" model="account.journal">
			<field name="name">Credit</field>
			<field name="type">bank</field>
			<field name="code">CRT</field>
		</record>

		<record id="account.menu_action_move_out_invoice_type" model="ir.ui.menu">
	        <field name="name">Vat E-Invoice</field>
	    </record>

	</data>
</odoo>