id,name,model_id:id,group_id:id,perm_read,perm_write,perm_create,perm_unlink
access_res_partner_identity,access_res_partner_identity,model_res_partner_identity,base.group_user,1,1,1,1
access_res_company_identity,access_res_company_identity,model_res_company_identity,base.group_user,1,1,1,1
access_account_payment_mean_public,access_account_payment_mean_public,model_account_payment_mean,base.group_user,1,1,1,1
access_account_tax_codes_public,access_account_tax_codes_public,model_account_tax_codes,base.group_user,1,1,1,1
access_account_move_uinvoice,account.move,model_account_move,account.group_account_invoice,1,1,1,0